BRANCH_CODE,BRANCH_NAME,BRANCH_STREET,BRANCH_CITY,BRANCH_STATE,BRANCH_ZIP,BRANCH_PHONE,LAST_UPDATED
1,Example Bank,Bridle Court,Lakeville,MN,55044,(123) 456-5276,4/18/2018 16:51
2,Example Bank,Washington Street,Huntley,IL,60142,(123) 461-8993,4/18/2018 16:51
3,Example Bank,Warren Street,SouthRichmondHill,NY,11419,(123) 498-5926,4/18/2018 16:51
4,Example Bank,Cleveland Street,Middleburg,FL,32068,(123) 466-3064,4/18/2018 16:51
5,Example Bank,14th Street,KingOfPrussia,PA,19406,(123) 484-9701,4/18/2018 16:51
7,Example Bank,Jefferson Street,Paterson,NJ,07501,(123) 414-4890,4/18/2018 16:51
8,Example Bank,B Street,Pittsford,NY,14534,(123) 467-8272,4/18/2018 16:51
9,Example Bank,Jefferson Court,Wethersfield,CT,06109,(123) 467-5219,4/18/2018 16:51
10,Example Bank,Cambridge Road,NorthOlmsted,OH,44070,(123) 414-5047,4/18/2018 16:51
11,Example Bank,3rd Street West,Hillsborough,NJ,08844,(123) 436-6354,4/18/2018 16:51
12,Example Bank,Mill Road,MadisonHeights,MI,48071,(123) 486-7175,4/18/2018 16:51
14,Example Bank,Washington Street,Oviedo,FL,32765,(123) 493-8460,4/18/2018 16:51
15,Example Bank,Chestnut Street,Mechanicsburg,PA,17050,(123) 446-2043,4/18/2018 16:51
16,Example Bank,Monroe Drive,Plainview,NY,11803,(123) 485-7525,4/18/2018 16:51
17,Example Bank,Railroad Street,Paducah,KY,42001,(123) 454-6360,4/18/2018 16:51
18,Example Bank,Church Street South,Harleysville,PA,19438,(123) 482-4455,4/18/2018 16:51
19,Example Bank,King Street,SilverSpring,MD,20901,(123) 448-4380,4/18/2018 16:51
20,Example Bank,Canterbury Drive,Burnsville,MN,55337,(123) 484-0138,4/18/2018 16:51
21,Example Bank,2nd Avenue,Tacoma,WA,98444,(123) 436-2433,4/18/2018 16:51
22,Example Bank,Front Street South,Carlisle,PA,17013,(123) 492-2492,4/18/2018 16:51
23,Example Bank,Highland Avenue,Duarte,CA,91010,(123) 446-0645,4/18/2018 16:51
24,Example Bank,Grove Street,Redford,MI,48239,(123) 461-7414,4/18/2018 16:51
25,Example Bank,Park Avenue,NewBaltimore,MI,48047,(123) 452-5844,4/18/2018 16:51
26,Example Bank,Chestnut Avenue,LakeJackson,TX,77566,(123) 435-6462,4/18/2018 16:51
27,Example Bank,Pin Oak Drive,WinstonSalem,NC,27103,(123) 483-6200,4/18/2018 16:51
28,Example Bank,3rd Street West,Midlothian,VA,23112,(123) 441-6595,4/18/2018 16:51
29,Example Bank,School Street,Glendora,CA,91740,(123) 478-5605,4/18/2018 16:51
30,Example Bank,Shady Lane,SouthLyon,MI,48178,(123) 491-5717,4/18/2018 16:51
31,Example Bank,Queen Street,Carrollton,GA,30117,(123) 414-8639,4/18/2018 16:51
32,Example Bank,Aspen Court,Helena,MT,59601,(123) 430-2170,4/18/2018 16:51
35,Example Bank,Durham Road,Loganville,GA,30052,(123) 431-6769,4/18/2018 16:51
36,Example Bank,Spruce Avenue,ElDorado,AR,71730,(123) 468-5988,4/18/2018 16:51
37,Example Bank,Lawrence Street,CapeCoral,FL,33904,(123) 477-1676,4/18/2018 16:51
38,Example Bank,7th Street,Starkville,MS,39759,(123) 481-0167,4/18/2018 16:51
39,Example Bank,Devonshire Drive,Grandville,MI,49418,(123) 420-9297,4/18/2018 16:51
40,Example Bank,Franklin Avenue,Jonesboro,GA,30236,(123) 429-5270,4/18/2018 16:51
42,Example Bank,Elmwood Avenue,Youngstown,OH,44512,(123) 423-7878,4/18/2018 16:51
43,Example Bank,Ashley Court,Houston,TX,77016,(123) 475-5992,4/18/2018 16:51
44,Example Bank,12th Street East,Greenville,NC,27834,(123) 473-6019,4/18/2018 16:51
45,Example Bank,Bayberry Drive,Wilmette,IL,60091,(123) 445-3475,4/18/2018 16:51
46,Example Bank,Jones Street,Levittown,NY,11756,(123) 494-7541,4/18/2018 16:51
47,Example Bank,Route 10,NewBerlin,WI,53151,(123) 487-3625,4/18/2018 16:51
48,Example Bank,Cedar Avenue,Bartlett,IL,60103,(123) 410-5725,4/18/2018 16:51
49,Example Bank,11th Street,Chambersburg,PA,17201,(123) 415-6589,4/18/2018 16:51
50,Example Bank,Fairway Drive,Granger,IN,46530,(123) 411-5442,4/18/2018 16:51
51,Example Bank,Route 20,Lombard,IL,60148,(123) 413-2382,4/18/2018 16:51
52,Example Bank,Fulton Street,ElPaso,TX,79930,(123) 424-5465,4/18/2018 16:51
53,Example Bank,Manor Drive,Dundalk,MD,21222,(123) 432-3802,4/18/2018 16:51
54,Example Bank,Oak Lane,RedondoBeach,CA,90278,(123) 445-2537,4/18/2018 16:51
56,Example Bank,State Street East,Rowlett,TX,75088,(123) 485-2596,4/18/2018 16:51
57,Example Bank,New Street,Hartsville,SC,29550,(123) 477-3812,4/18/2018 16:51
58,Example Bank,Hickory Street,Rossville,GA,30741,(123) 433-5491,4/18/2018 16:51
59,Example Bank,Country Lane,Waxhaw,NC,28173,(123) 484-1134,4/18/2018 16:51
60,Example Bank,Front Street,Richmond,VA,23223,(123) 452-4034,4/18/2018 16:51
63,Example Bank,York Street,Oxford,MS,38655,(123) 437-2027,4/18/2018 16:51
66,Example Bank,Winding Way,Syosset,NY,11791,(123) 465-6568,4/18/2018 16:51
67,Example Bank,Jackson Avenue,Baltimore,MD,21206,(123) 443-2768,4/18/2018 16:51
69,Example Bank,Amherst Street,Fenton,MI,48430,(123) 467-0647,4/18/2018 16:51
70,Example Bank,Briarwood Court,Medford,MA,02155,(123) 498-2393,4/18/2018 16:51
72,Example Bank,Essex Court,Stow,OH,44224,(123) 444-5988,4/18/2018 16:51
73,Example Bank,Maple Lane,Oconomowoc,WI,53066,(123) 484-5883,4/18/2018 16:51
74,Example Bank,Evergreen Drive,Dearborn,MI,48124,(123) 427-3715,4/18/2018 16:51
75,Example Bank,9th Street,Rockaway,NJ,07866,(123) 420-4383,4/18/2018 16:51
76,Example Bank,8th Avenue,WinterSprings,FL,32708,(123) 451-3234,4/18/2018 16:51
77,Example Bank,Grant Avenue,UpperMarlboro,MD,20772,(123) 448-9272,4/18/2018 16:51
78,Example Bank,Heather Court,Mundelein,IL,60060,(123) 416-4452,4/18/2018 16:51
79,Example Bank,George Street,Bettendorf,IA,52722,(123) 439-4450,4/18/2018 16:51
80,Example Bank,Court Street,Enterprise,AL,36330,(123) 422-8258,4/18/2018 16:51
81,Example Bank,Summer Street,Simpsonville,SC,29680,(123) 458-3583,4/18/2018 16:51
83,Example Bank,Creekside Drive,Brookfield,WI,53045,(123) 424-2554,4/18/2018 16:51
85,Example Bank,Brown Street,LaCrosse,WI,54601,(123) 478-5116,4/18/2018 16:51
89,Example Bank,Chapel Street,BuffaloGrove,IL,60089,(123) 475-0836,4/18/2018 16:51
90,Example Bank,Tanglewood Drive,Chillicothe,OH,45601,(123) 489-0424,4/18/2018 16:51
91,Example Bank,Lafayette Avenue,Davenport,IA,52804,(123) 475-9319,4/18/2018 16:51
93,Example Bank,Harrison Street,Poughkeepsie,NY,12601,(123) 488-5339,4/18/2018 16:51
95,Example Bank,Madison Street,Apopka,FL,32703,(123) 466-7289,4/18/2018 16:51
99,Example Bank,Bridge Street,Seymour,IN,47274,(123) 416-4581,4/18/2018 16:51
100,Example Bank,New Street,Wellington,FL,33414,(123) 480-9695,4/18/2018 16:51
103,Example Bank,Grant Street,SiouxCity,IA,51106,(123) 448-3865,4/18/2018 16:51
104,Example Bank,Cambridge Court,Owosso,MI,48867,(123) 490-9907,4/18/2018 16:51
105,Example Bank,Virginia Avenue,LongBranch,NJ,07740,(123) 472-3165,4/18/2018 16:51
107,Example Bank,Delaware Avenue,Defiance,OH,43512,(123) 446-4046,4/18/2018 16:51
109,Example Bank,Edgewood Drive,Ames,IA,50010,(123) 447-4482,4/18/2018 16:51
111,Example Bank,River Street,Kernersville,NC,27284,(123) 436-9108,4/18/2018 16:51
114,Example Bank,Madison Street,PalmCity,FL,34990,(123) 417-2062,4/18/2018 16:51
115,Example Bank,Jefferson Street,MurrellsInlet,SC,29576,(123) 490-8194,4/18/2018 16:51
117,Example Bank,Route 64,Canonsburg,PA,15317,(123) 419-7777,4/18/2018 16:51
118,Example Bank,Henry Street,Hanover,PA,17331,(123) 449-8005,4/18/2018 16:51
119,Example Bank,Fulton Street,Ashland,OH,44805,(123) 412-1204,4/18/2018 16:51
121,Example Bank,Warren Street,Oxnard,CA,93035,(123) 436-8280,4/18/2018 16:51
123,Example Bank,Willow Avenue,DeerfieldBeach,FL,33442,(123) 436-5113,4/18/2018 16:51
124,Example Bank,Bay Street,Osseo,MN,55311,(123) 413-4552,4/18/2018 16:51
125,Example Bank,Cambridge Court,AllisonPark,PA,15101,(123) 469-9441,4/18/2018 16:51
126,Example Bank,Route 10,Bethesda,MD,20814,(123) 472-3287,4/18/2018 16:51
131,Example Bank,Orchard Lane,Valrico,FL,33594,(123) 488-0523,4/18/2018 16:51
135,Example Bank,Canterbury Road,Nanuet,NY,10954,(123) 483-1678,4/18/2018 16:51
136,Example Bank,Route 11,Independence,KY,41051,(123) 460-1062,4/18/2018 16:51
139,Example Bank,Jefferson Street,SanLorenzo,CA,94580,(123) 454-7241,4/18/2018 16:51
144,Example Bank,Chestnut Avenue,NewPhiladelphia,OH,44663,(123) 463-6138,4/18/2018 16:51
145,Example Bank,6th Street West,Clermont,FL,34711,(123) 429-2781,4/18/2018 16:51
149,Example Bank,Route 27,Gettysburg,PA,17325,(123) 450-7741,4/18/2018 16:51
156,Example Bank,Adams Street,WestChester,PA,19380,(123) 454-8652,4/18/2018 16:51
158,Example Bank,Chestnut Avenue,Natchez,MS,39120,(123) 429-3585,4/18/2018 16:51
160,Example Bank,Beechwood Drive,GardenCity,NY,11530,(123) 469-6702,4/18/2018 16:51
164,Example Bank,Route 30,Yakima,WA,98908,(123) 454-0280,4/18/2018 16:51
166,Example Bank,Route 41,Conyers,GA,30012,(123) 493-5053,4/18/2018 16:51
168,Example Bank,Williams Street,YubaCity,CA,95993,(123) 431-7447,4/18/2018 16:51
170,Example Bank,Broadway,Irvington,NJ,07111,(123) 441-9610,4/18/2018 16:51
173,Example Bank,Victoria Court,Victoria,TX,77904,(123) 433-7068,4/18/2018 16:51
175,Example Bank,Garfield Avenue,FloralPark,NY,11001,(123) 484-2967,4/18/2018 16:51
178,Example Bank,8th Street West,Baldwin,NY,11510,(123) 461-2707,4/18/2018 16:51
180,Example Bank,Meadow Street,NewHaven,CT,06511,(123) 434-7181,4/18/2018 16:51
188,Example Bank,Lincoln Avenue,Quincy,MA,02169,(123) 425-9065,4/18/2018 16:51
192,Example Bank,Glenwood Drive,Lititz,PA,17543,(123) 493-7904,4/18/2018 16:51
197,Example Bank,Briarwood Drive,Acworth,GA,30101,(123) 491-4637,4/18/2018 16:51
